File_Name,Variant,Raw_OCR,Final_Plate,Conf_0to1,Score,Casts,StructScore,AnchorBonus
100.png,SR2x+CLAHE-light,RJ45CK4748,RJ45CK4748,0.977492,1.137621,0,1.0,0.15
1000.png,SR2x+CLAHE-light,RJ14CG6581,RJ14CG6581,0.994931,1.147212,0,1.0,0.15
1001.png,CLAHE-light,RJ14CK8305,RJ14CK8305,0.977445,1.137594,0,1.0,0.15
101.png,CLAHE-light,RJ14CZ0391,RJ14CZ0391,0.962691,1.12948,0,1.0,0.15
102.png,SR2x+CLAHE-light,RJ45CH4583,RJ45CH4583,0.989781,1.14438,0,1.0,0.15
103.png,SR2x+CLAHE-light,FRJ45CJ9969,RJ45CJ9969,0.972503,1.134877,0,1.0,0.15
104.png,SR2x+CLAHE-light,RJ14LC6763,RJ14LC6763,0.987771,1.143274,0,1.0,0.15
105.png,SR2x+CLAHE-light,RJ31CF7171,RJ31CF7171,0.990371,1.144704,0,1.0,0.15
106.png,SR2x+CLAHE-light,RJ08CA6767,RJ08CA6767,0.953238,1.124281,0,1.0,0.15
107.png,SR2x+CLAHE-light,RJ45CN9693,RJ45CN9693,0.979193,1.138556,0,1.0,0.15
108.png,SR2x+CLAHE-light,RJ45CK7827,RJ45CK7827,0.99042,1.144731,0,1.0,0.15
109.png,RAW,RJ45CQ1702,RJ45CQ1702,0.968408,1.132624,0,1.0,0.15
111.png,RAW,RJ14CF 9928,RJ14CF9928,0.958835,1.127359,0,1.0,0.15
112.png,CLAHE-light,-RJ45CQ9137,RJ45CQ9137,0.905706,1.098138,0,1.0,0.15
113.png,CLAHE-light,RJ14CY6039,RJ14CY6039,0.965073,1.13079,0,1.0,0.15
114.png,RAW,RJ14 CG 9094,RJ14CG9094,0.95733,1.126532,0,1.0,0.15
115.png,RAW,FRJ14VC0628,RJ14VC0628,0.963137,1.129725,0,1.0,0.15
116.png,SR2x+CLAHE-light,RJ14CD4810,RJ14CD4810,0.951586,1.123372,0,1.0,0.15
118.png,SR2x+CLAHE-light,RJ14XC6909,RJ14XC6909,0.973019,1.13516,0,1.0,0.15
119.png,SR2x+CLAHE-light,RJ01CB7236,RJ01CB7236,0.955994,1.125797,0,1.0,0.15
120.png,RAW,RJ45CN2934,RJ45CN2934,0.991377,1.145257,0,1.0,0.15
122.png,CLAHE-light,FRJ45CU0611,RJ45CU0611,0.9104,1.10072,0,1.0,0.15
123.png,RAW,FRJ14079165,RJ14O79165,0.935928,1.049761,1,0.9,0.15
124.png,SR2x+CLAHE-light,PRJ45CJ5888,RJ45CJ5888,0.879452,1.083699,0,1.0,0.15
125.png,RAW,RJ45CV3753,RJ45CV3753,0.989971,1.144484,0,1.0,0.15
126.png,SR2x+CLAHE-light,FRJ140C9780,RJ14QC9780,0.942096,1.078153,2,1.0,0.15
127.png,RAW,RJ14NC3966,RJ14NC3966,0.994823,1.147153,0,1.0,0.15
128.png,RAW,RJ45CU9366,RJ45CU9366,0.99641,1.148026,0,1.0,0.15
129.png,SR2x+CLAHE-light,FRJ45CV2733,RJ45CV2733,0.950635,1.122849,0,1.0,0.15
130.png,SR2x+CLAHE-light,FRJ31CA9891,RJ31CA9891,0.978153,1.137984,0,1.0,0.15
132.png,CLAHE-light,RJ45CJ2575,RJ45CJ2575,0.97431,1.135871,0,1.0,0.15
133.png,SR2x+CLAHE-light,FRJ06U86992,RJ06UB6992,0.942668,1.098468,1,1.0,0.15
134.png,SR2x+CLAHE-light,FRJ14CW2974,RJ14CW2974,0.903502,1.096926,0,1.0,0.15
135.png,SR2x+CLAHE-light,RJ14CJ6981,RJ14CJ6981,0.984102,1.141256,0,1.0,0.15
136.png,RAW,RJ14UF3370,RJ14UF3370,0.990698,1.144884,0,1.0,0.15
138.png,RAW,RJ02CC3751,RJ02CC3751,0.955004,1.125252,0,1.0,0.15
139.png,RAW,RJ14 CK 8761,RJ14CK8761,0.9308,1.11194,0,1.0,0.15
140.png,SR2x+CLAHE-light,RJ14UG6680,RJ14UG6680,0.987023,1.142863,0,1.0,0.15
141.png,CLAHE-light,RJ14CN6911,RJ14CN6911,0.984584,1.141521,0,1.0,0.15
142.png,CLAHE-light,RJ14 CF 3202,RJ14CF3202,0.9989,1.149395,0,1.0,0.15
143.png,CLAHE-light,RJ14CF6174,RJ14CF6174,0.996297,1.147963,0,1.0,0.15
144.png,CLAHE-light,RJ45CE6928,RJ45CE6928,0.99103,1.145067,0,1.0,0.15
145.png,CLAHE-light,RJ14CQ9643,RJ14CQ9643,0.962465,1.129356,0,1.0,0.15
147.png,SR2x+CLAHE-light,RJ148C8504,RJ14BC8504,0.982318,1.120275,1,1.0,0.15
148.png,SR2x+CLAHE-light,RJI4CR9968,RJ14CR9968,0.91548,1.083514,1,1.0,0.15
149.png,SR2x+CLAHE-light,FRJ45CJ4172,RJ45CJ4172,0.968061,1.132434,0,1.0,0.15
151.png,CLAHE-light,RJ45CE 9024,RJ45CE9024,0.954515,1.124983,0,1.0,0.15
152.png,RAW,FRJ14CU9485,RJ14CU9485,0.952401,1.123821,0,1.0,0.15
153.png,SR2x+CLAHE-light,FRJ45CH3914,RJ45CH3914,0.985315,1.141923,0,1.0,0.15
154.png,SR2x+CLAHE-light,RJ52.CA.1525,RJ52CA1525,0.994358,1.146897,0,1.0,0.15
155.png,CLAHE-light,FRJ14UE5266,RJ14UE5266,0.960209,1.128115,0,1.0,0.15
156.png,SR2x+CLAHE-light,RJ14 CD7282,RJ14CD7282,0.959547,1.127751,0,1.0,0.15
157.png,SR2x+CLAHE-light,RJ149C0607,RJ149C0607,0.98893,1.098912,0,0.9,0.15
158.png,RAW,RJ14CF4576,RJ14CF4576,0.986216,1.142419,0,1.0,0.15
159.png,RAW,RJ45CH7751,RJ45CH7751,0.990428,1.144736,0,1.0,0.15
160.png,SR2x+CLAHE-light,RJ45CE2359,RJ45CE2359,0.992189,1.145704,0,1.0,0.15
161.png,SR2x+CLAHE-light,RJ14CD9828,RJ14CD9828,0.995624,1.147593,0,1.0,0.15
162.png,RAW,RJ14AC3406,RJ14AC3406,0.982915,1.140603,0,1.0,0.15
163.png,CLAHE-light,RJ14NC3420,RJ14NC3420,0.964131,1.130272,0,1.0,0.15
164.png,SR2x+CLAHE-light,RJ140C7366,RJ14QC7366,0.98067,1.099369,2,1.0,0.15
165.png,SR2x+CLAHE-light,RJ27CG3450,RJ27CG3450,0.991766,1.145471,0,1.0,0.15
166.png,SR2x+CLAHE-light,RJ14LC6806,RJ14LC6806,0.978534,1.138194,0,1.0,0.15
167.png,CLAHE-light,RJ45CE9326,RJ45CE9326,0.99644,1.148042,0,1.0,0.15
168.png,RAW,RJ14CJ7361,RJ14CJ7361,0.981825,1.140004,0,1.0,0.15
169.png,RAW,RJ140C9911,RJ14QC9911,0.967659,1.092213,2,1.0,0.15
170.png,RAW,RJ45CM6548,RJ45CM6548,0.993989,1.146694,0,1.0,0.15
171.png,CLAHE-light,RJ14 CQ 5181,RJ14CQ5181,0.997595,1.148677,0,1.0,0.15
172.png,CLAHE-light,RJ14CZ5978,RJ14CZ5978,0.977185,1.137452,0,1.0,0.15
173.png,RAW,RJ14CQ5169,RJ14CQ5169,0.98297,1.140634,0,1.0,0.15
174.png,SR2x+CLAHE-light,RJ14CJ3055,RJ14CJ3055,0.994566,1.147011,0,1.0,0.15
175.png,SR2x+CLAHE-light,RJ45CF6502,RJ45CF6502,0.996144,1.147879,0,1.0,0.15
176.png,CLAHE-light,RJ45CK7660,RJ45CK7660,0.99098,1.145039,0,1.0,0.15
177.png,SR2x+CLAHE-light,RJ14CQ4157,RJ14CQ4157,0.947937,1.121365,0,1.0,0.15
178.png,SR2x+CLAHE-light,RJ45CT1218,RJ45CT1218,0.991232,1.145178,0,1.0,0.15
179.png,SR2x+CLAHE-light,RJ14CE4832,RJ14CE4832,0.992519,1.145886,0,1.0,0.15
180.png,CLAHE-light,RJ14AC9995,RJ14AC9995,0.986864,1.142775,0,1.0,0.15
181.png,RAW, RJ45 CM 6663,RJ45CM6663,0.995079,1.147293,0,1.0,0.15
182.png,SR2x+CLAHE-light,RJ45CP3789,RJ45CP3789,0.993815,1.146598,0,1.0,0.15
183.png,SR2x+CLAHE-light,RJ05CA6259,RJ05CA6259,0.947844,1.121314,0,1.0,0.15
184.png,RAW,RJ19CJ8458,RJ19CJ8458,0.991757,1.145467,0,1.0,0.15
185.png,SR2x+CLAHE-light,RJ29CA8572,RJ29CA8572,0.990989,1.145044,0,1.0,0.15
186.png,SR2x+CLAHE-light,RJ45CA3348,RJ45CA3348,0.98771,1.14324,0,1.0,0.15
187.png,RAW,RJ47GA4087,RJ47GA4087,0.993855,1.14662,0,1.0,0.15
188.png,SR2x+CLAHE-light,RJ14CX7348,RJ14CX7348,0.983067,1.140687,0,1.0,0.15
189.png,CLAHE-light,RJ45CD0030,RJ45CD0030,0.983909,1.14115,0,1.0,0.15
190.png,RAW,RJ14AC4077,RJ14AC4077,0.993776,1.146577,0,1.0,0.15
191.png,SR2x+CLAHE-light,RJ14YC3736,RJ14YC3736,0.988118,1.143465,0,1.0,0.15
192.png,SR2x+CLAHE-light,RJ14CQ 9163,RJ14CQ9163,0.929545,1.11125,0,1.0,0.15
193.png,SR2x+CLAHE-light,RJ14UB0458,RJ14UB0458,0.985236,1.14188,0,1.0,0.15
194.png,SR2x+CLAHE-light,RJ14CJ5487,RJ14CJ5487,0.982566,1.140411,0,1.0,0.15
195.png,RAW,RJ14NC4341,RJ14NC4341,0.992655,1.14596,0,1.0,0.15
196.png,SR2x+CLAHE-light,RJ14CQ8687,RJ14CQ8687,0.983958,1.141177,0,1.0,0.15
197.png,RAW,RJ14CZ3037,RJ14CZ3037,0.989371,1.144154,0,1.0,0.15
198.png,CLAHE-light,RJ14UF0444,RJ14UF0444,0.986794,1.142737,0,1.0,0.15
199.png,RAW,RJ36CB8777,RJ36CB8777,0.973129,1.135221,0,1.0,0.15
200.png,SR2x+CLAHE-light,RJ14WC7911,RJ14WC7911,0.951352,1.123243,0,1.0,0.15
201.png,SR2x+CLAHE-light,RJ14XC2277,RJ14XC2277,0.970654,1.13386,0,1.0,0.15
202.png,RAW,RJ45CG1222,RJ45CG1222,0.954134,1.124773,0,1.0,0.15
203.png,RAW,RJ45CF9621,RJ45CF9621,0.99332,1.146326,0,1.0,0.15
204.png,RAW,RJ14CH2442,RJ14CH2442,0.982893,1.140591,0,1.0,0.15
205.png,CLAHE-light,RJ14CX2496,RJ14CX2496,0.981099,1.139604,0,1.0,0.15
206.png,SR2x+CLAHE-light,RJ45CT3022,RJ45CT3022,0.984604,1.141532,0,1.0,0.15
207.png,SR2x+CLAHE-light,RJ14XC0512,RJ14XC0512,0.973226,1.135274,0,1.0,0.15
208.png,SR2x+CLAHE-light,RJ13 CA 5520,RJ13CA5520,0.934826,1.114154,0,1.0,0.15
209.png,SR2x+CLAHE-light,RJ14UD0772,RJ14UD0772,0.97872,1.138296,0,1.0,0.15
210.png,SR2x+CLAHE-light,RJ45CK1474,RJ45CK1474,0.991162,1.145139,0,1.0,0.15
212.png,RAW,RJ14CD6355,RJ14CD6355,0.98583,1.142206,0,1.0,0.15
213.png,RAW,RJ14CJ4269,RJ14CJ4269,0.982582,1.14042,0,1.0,0.15
214.png,CLAHE-light,RJ14CY1134,RJ14CY1134,0.970886,1.133987,0,1.0,0.15
215.png,RAW,ERJ45CT2231,RJ45CT2231,0.927599,1.110179,0,1.0,0.15
216.png,RAW,RJ45CM9091,RJ45CM9091,0.956944,1.126319,0,1.0,0.15
217.png,SR2x+CLAHE-light,RJ14TF0294,RJ14TF0294,0.983953,1.141174,0,1.0,0.15
218.png,SR2x+CLAHE-light,RJ45CL7067,RJ45CL7067,0.98802,1.143411,0,1.0,0.15
219.png,RAW,RJ45CR6853,RJ45CR6853,0.991141,1.145127,0,1.0,0.15
220.png,SR2x+CLAHE-light,RJ14CQ3553,RJ14CQ3553,0.983279,1.140804,0,1.0,0.15
221.png,SR2x+CLAHE-light,RJ14CB0709,RJ14CB0709,0.96959,1.133274,0,1.0,0.15
222.png,SR2x+CLAHE-light,RJ14CQ0560,RJ14CQ0560,0.979774,1.138875,0,1.0,0.15
223.png,RAW,RJ14ZC4023,RJ14ZC4023,0.996267,1.147947,0,1.0,0.15
224.png,SR2x+CLAHE-light,RJ14VC4981,RJ14VC4981,0.978847,1.138366,0,1.0,0.15
225.png,SR2x+CLAHE-light,RJ45C02581,RJ45CQ2581,0.96504,1.090772,2,1.0,0.15
226.png,SR2x+CLAHE-light,RJ14CB,RJ14CB0000,0.984948,1.141721,0,1.0,0.15
227.png,CLAHE-light,RJ14 CL4477,RJ14CL4477,0.940264,1.117145,0,1.0,0.15
228.png,CLAHE-light,RJ01CB9294,RJ01CB9294,0.950054,1.12253,0,1.0,0.15
229.png,CLAHE-light,RJ14CV1286,RJ14CV1286,0.976219,1.136921,0,1.0,0.15
230.png,RAW,RJ45CT4349,RJ45CT4349,0.991893,1.145541,0,1.0,0.15
231.png,SR2x+CLAHE-light,RJ14CX9236,RJ14CX9236,0.960084,1.128046,0,1.0,0.15
232.png,SR2x+CLAHE-light,RJ14VC6735,RJ14VC6735,0.978254,1.13804,0,1.0,0.15
233.png,SR2x+CLAHE-light,RJ01CE3953,RJ01CE3953,0.962313,1.129272,0,1.0,0.15
234.png,SR2x+CLAHE-light,RJ14YC3009,RJ14YC3009,0.991797,1.145489,0,1.0,0.15
235.png,CLAHE-light,RJ14CN6419,RJ14CN6419,0.989916,1.144454,0,1.0,0.15
236.png,RAW,RJ14CZ5492,RJ14CZ5492,0.993888,1.146638,0,1.0,0.15
237.png,SR2x+CLAHE-light,RJ148C5315,RJ14BC5315,0.983894,1.121142,1,1.0,0.15
238.png,RAW,RJ14CY9553,RJ14CY9553,0.98254,1.140397,0,1.0,0.15
239.png,SR2x+CLAHE-light,RJ14C03981,RJ14CQ3981,0.978695,1.098282,2,1.0,0.15
240.png,RAW,RJ14QC9673,RJ14QC9673,0.982283,1.140256,0,1.0,0.15
241.png,RAW,RJ14U02000,RJ14UO2000,0.940739,1.097406,1,1.0,0.15
242.png,SR2x+CLAHE-light,RJ45CK1303,RJ45CK1303,0.989266,1.144096,0,1.0,0.15
243.png,SR2x+CLAHE-light,RJ45CL6966,RJ45CL6966,0.990345,1.14469,0,1.0,0.15
244.png,CLAHE-light,RJ14VC3804,RJ14VC3804,0.978809,1.138345,0,1.0,0.15
245.png,RAW,RJ45CT4296,RJ45CT4296,0.979909,1.13895,0,1.0,0.15
246.png,CLAHE-light,RJ14UH7714,RJ14UH7714,0.996043,1.147824,0,1.0,0.15
247.png,RAW,RJ14LC5540,RJ14LC5540,0.969989,1.133494,0,1.0,0.15
248.png,RAW,RJ45CJ3253,RJ45CJ3253,0.995622,1.147592,0,1.0,0.15
249.png,SR2x+CLAHE-light,RJ14CP6854,RJ14CP6854,0.985369,1.141953,0,1.0,0.15
250.png,SR2x+CLAHE-light,RJ45CL3942,RJ45CL3942,0.991276,1.145202,0,1.0,0.15
251.png,CLAHE-light,~RJ45CH2013,RJ45CH2013,0.978972,1.138435,0,1.0,0.15
252.png,SR2x+CLAHE-light,RJ45CN0760,RJ45CN0760,0.973541,1.135448,0,1.0,0.15
253.png,CLAHE-light,RJ14CF9305,RJ14CF9305,0.983432,1.140887,0,1.0,0.15
254.png,SR2x+CLAHE-light,RJ14TE0155,RJ14TE0155,0.991923,1.145558,0,1.0,0.15
255.png,RAW,RJ14 CC 6396,RJ14CC6396,0.994922,1.147207,0,1.0,0.15
256.png,RAW,RJ45CH4653,RJ45CH4653,0.992509,1.14588,0,1.0,0.15
257.png,SR2x+CLAHE-light,RJ45CJ5975,RJ45CJ5975,0.994357,1.146897,0,1.0,0.15
258.png,CLAHE-light,RJ14CJ3755,RJ14CJ3755,0.970957,1.134026,0,1.0,0.15
259.png,CLAHE-light,RJ14UJ7600,RJ14UJ7600,0.976228,1.136925,0,1.0,0.15
260.png,SR2x+CLAHE-light,RJ45CL7457,RJ45CL7457,0.946161,1.120388,0,1.0,0.15
261.png,SR2x+CLAHE-light,RJ45CD0019,RJ45CD0019,0.939766,1.116871,0,1.0,0.15
262.png,RAW,RJ14CE1623,RJ14CE1623,0.988226,1.143524,0,1.0,0.15
263.png,SR2x+CLAHE-light,RJ45CM1052,RJ45CM1052,0.98826,1.143543,0,1.0,0.15
265.png,SR2x+CLAHE-light,RJ14CP6297,RJ14CP6297,0.912456,1.101851,0,1.0,0.15
266.png,RAW,RJ14UE9133,RJ14UE9133,0.995067,1.147287,0,1.0,0.15
267.png,CLAHE-light,FRJ13CD5961,RJ13CD5961,0.939152,1.116534,0,1.0,0.15
268.png,RAW,RJ20CB6596,RJ20CB6596,0.980681,1.139375,0,1.0,0.15
269.png,CLAHE-light,RJ05 UA 1774,RJ05UA1774,0.904793,1.097636,0,1.0,0.15
270.png,SR2x+CLAHE-light,RJ14CY9059,RJ14CY9059,0.978016,1.137909,0,1.0,0.15
271.png,RAW,RJ45CS8071,RJ45CS8071,0.98761,1.143186,0,1.0,0.15
272.png,SR2x+CLAHE-light,RJ140C5050,RJ14QC5050,0.963316,1.089824,2,1.0,0.15
274.png,CLAHE-light,RJ14CJ0098,RJ14CJ0098,0.995998,1.147799,0,1.0,0.15
275.png,SR2x+CLAHE-light,RJ45CN5353,RJ45CN5353,0.994843,1.147163,0,1.0,0.15
276.png,CLAHE-light,RJ45CK5945,RJ45CK5945,0.990415,1.144728,0,1.0,0.15
277.png,RAW,RJ45CD4649,RJ45CD4649,0.97821,1.138016,0,1.0,0.15
278.png,SR2x+CLAHE-light,FRJ14VC1636,RJ14VC1636,0.945756,1.120166,0,1.0,0.15
279.png,CLAHE-light,RS14CV3353,RJR5I4CV33,0.965634,0.761099,2,0.6,0.0
281.png,SR2x+CLAHE-light,RJ14NC5490,RJ14NC5490,0.990435,1.144739,0,1.0,0.15
282.png,RAW,PRJ01CB5131,RJ01CB5131,0.914249,1.102837,0,1.0,0.15
283.png,CLAHE-light,RJ14CV7829,RJ14CV7829,0.976831,1.137257,0,1.0,0.15
284.png,SR2x+CLAHE-light,RJ14CR3822,RJ14CR3822,0.990535,1.144794,0,1.0,0.15
285.png,SR2x+CLAHE-light,RJ14CE8657,RJ14CE8657,0.979257,1.138591,0,1.0,0.15
286.png,SR2x+CLAHE-light,RJ45CN4075,RJ45CN4075,0.993189,1.146254,0,1.0,0.15
287.png,RAW,RJ13CC9939,RJ13CC9939,0.977657,1.137712,0,1.0,0.15
288.png,RAW,RJ45CF8419,RJ45CF8419,0.991795,1.145487,0,1.0,0.15
289.png,SR2x+CLAHE-light,RJ42CA4092,RJ42CA4092,0.975456,1.136501,0,1.0,0.15
290.png,RAW,RJ45CL9939,RJ45CL9939,0.99586,1.147723,0,1.0,0.15
291.png,SR2x+CLAHE-light,RJ34CA6874,RJ34CA6874,0.988259,1.143543,0,1.0,0.15
292.png,RAW,-RJ14AC6424,RJ14AC6424,0.879989,1.083994,0,1.0,0.15
294.png,RAW,RJ45CS6794,RJ45CS6794,0.990628,1.144845,0,1.0,0.15
295.png,RAW,RJ14CL7109,RJ14CL7109,0.994725,1.147099,0,1.0,0.15
296.png,SR2x+CLAHE-light,RJ14CY4327,RJ14CY4327,0.966895,1.131792,0,1.0,0.15
297.png,RAW,RJ45CG8553,RJ45CG8553,0.966636,1.13165,0,1.0,0.15
298.png,RAW,-RJ45CM9590,RJ45CM9590,0.945764,1.12017,0,1.0,0.15
299.png,RAW,-RJ25CA7177,RJ25CA7177,0.941539,1.117846,0,1.0,0.15
300.png,SR2x+CLAHE-light,FRJ20CG7278,RJ20CG7278,0.875283,1.081406,0,1.0,0.15
301.png,RAW,RJ14CW7787,RJ14CW7787,0.950457,1.122752,0,1.0,0.15
302.png,RAW,RJ27CG1234,RJ27CG1234,0.985904,1.142247,0,1.0,0.15
303.png,CLAHE-light,RJ45CN0340,RJ45CN0340,0.979589,1.138774,0,1.0,0.15
304.png,SR2x+CLAHE-light,RJ23CC3290,RJ23CC3290,0.969286,1.133107,0,1.0,0.15
305.png,RAW,RJ14 CG 1753,RJ14CG1753,0.960428,1.128236,0,1.0,0.15
306.png,CLAHE-light,RJ47CA4777,RJ47CA4777,0.969471,1.133209,0,1.0,0.15
307.png,RAW,RJ45CE6928,RJ45CE6928,0.983786,1.141082,0,1.0,0.15
308.png,SR2x+CLAHE-light,FRJ23CC3290,RJ23CC3290,0.937493,1.115621,0,1.0,0.15
309.png,RAW,RJ14TE9879,RJ14TE9879,0.997524,1.148638,0,1.0,0.15
310.png,RAW,RJ45CE6928,RJ45CE6928,0.99672,1.148196,0,1.0,0.15
311.png,CLAHE-light,RJ45CF4478,RJ45CF4478,0.966803,1.131742,0,1.0,0.15
312.png,SR2x+CLAHE-light,RJ02CC9572,RJ02CC9572,0.928006,1.110403,0,1.0,0.15
313.png,SR2x+CLAHE-light,RJ4UF7821,RJ4UF78210,0.849278,0.977103,0,0.8,0.15
314.png,SR2x+CLAHE-light,FRJ45CM6663,RJ45CM6663,0.950886,1.122987,0,1.0,0.15
316.png,SR2x+CLAHE-light,RJ23CC9808,RJ23CC9808,0.972161,1.134688,0,1.0,0.15
317.png,RAW,RJ14CR8650,RJ14CR8650,0.972419,1.134831,0,1.0,0.15
318.png,CLAHE-light,RJ14ZC2898,RJ14ZC2898,0.982463,1.140355,0,1.0,0.15
319.png,CLAHE-light,RJ14ZC2898,RJ14ZC2898,0.987702,1.143236,0,1.0,0.15
320.png,SR2x+CLAHE-light,RJ14CM5958,RJ14CM5958,0.988795,1.143837,0,1.0,0.15
322.png,SR2x+CLAHE-light,RJ14XC9775,RJ14XC9775,0.955383,1.125461,0,1.0,0.15
324.png,RAW,~RJ47UB0221,RJ47UB0221,0.980838,1.139461,0,1.0,0.15
325.png,RAW,RJ14CL5038,RJ14CL5038,0.994075,1.146741,0,1.0,0.15
326.png,SR2x+CLAHE-light,RJ45CT4953,RJ45CT4953,0.994041,1.146722,0,1.0,0.15
327.png,CLAHE-light,RJ14CY6163,RJ14CY6163,0.987946,1.14337,0,1.0,0.15
329.png,RAW,RJ14XC5078,RJ14XC5078,0.984808,1.141644,0,1.0,0.15
330.png,CLAHE-light,RJ45CJ4569,RJ45CJ4569,0.98938,1.144159,0,1.0,0.15
331.png,SR2x+CLAHE-light,RJ07UC4983,RJ07UC4983,0.97093,1.134012,0,1.0,0.15
334.png,RAW,RJ45CM1278,RJ45CM1278,0.992555,1.145905,0,1.0,0.15
336.png,CLAHE-light,RJ45CH5898,RJ45CH5898,0.987269,1.142998,0,1.0,0.15
337.png,SR2x+CLAHE-light,RJ45CH5898,RJ45CH5898,0.987349,1.143042,0,1.0,0.15
338.png,RAW,RJ14CN9474,RJ14CN9474,0.989016,1.143959,0,1.0,0.15
339.png,SR2x+CLAHE-light,RJ14CA7406,RJ14CA7406,0.986795,1.142737,0,1.0,0.15
340.png,RAW,RJ49CA3195,RJ49CA3195,0.99329,1.146309,0,1.0,0.15
342.png,SR2x+CLAHE-light,RJ45CU4154,RJ45CU4154,0.988669,1.143768,0,1.0,0.15
343.png,CLAHE-light,RJ13CB4334,RJ13CB4334,0.988374,1.143606,0,1.0,0.15
346.png,SR2x+CLAHE-light,RJ14UF3853,RJ14UF3853,0.990667,1.144867,0,1.0,0.15
347.png,SR2x+CLAHE-light,RJ14 CE9566,RJ14CE9566,0.956585,1.126122,0,1.0,0.15
348.png,RAW,RJ45CJ4912,RJ45CJ4912,0.99052,1.144786,0,1.0,0.15
349.png,RAW,RJ14CY2297,RJ14CY2297,0.980865,1.139476,0,1.0,0.15
350.png,CLAHE-light,RJ14TB.3340,RJ14TB3340,0.943299,1.118814,0,1.0,0.15
351.png,SR2x+CLAHE-light,RJ14UE2634,RJ14UE2634,0.987643,1.143204,0,1.0,0.15
352.png,SR2x+CLAHE-light,RJ14LC7020,RJ14LC7020,0.990164,1.14459,0,1.0,0.15
353.png,SR2x+CLAHE-light,RJ14TB1532,RJ14TB1532,0.981214,1.139668,0,1.0,0.15
354.png,RAW,RJ14TB1532,RJ14TB1532,0.989807,1.144394,0,1.0,0.15
355.png,SR2x+CLAHE-light,RJ14C06834,RJ14CQ6834,0.937553,1.075654,2,1.0,0.15
356.png,SR2x+CLAHE-light,RJ140C2466,RJ14QC2466,0.984301,1.101365,2,1.0,0.15
357.png,SR2x+CLAHE-light,RJ-21-UA-6951,RJ21UA6951,0.963333,1.129833,0,1.0,0.15
358.png,SR2x+CLAHE-light,RJ42CA2609,RJ42CA2609,0.985925,1.142259,0,1.0,0.15
359.png,RAW,RJ14TD0050,RJ14TD0050,0.923056,1.107681,0,1.0,0.15
360.png,SR2x+CLAHE-light,RJ14UG9174,RJ14UG9174,0.988279,1.143554,0,1.0,0.15
361.png,CLAHE-light,RJ21CB9889,RJ21CB9889,0.975078,1.136293,0,1.0,0.15
362.png,CLAHE-light,RJ45CP2856,RJ45CP2856,0.994624,1.147043,0,1.0,0.15
364.png,CLAHE-light,RJ20CF1019,RJ20CF1019,0.978719,1.138296,0,1.0,0.15
365.png,CLAHE-light,RJ14CN3290,RJ14CN3290,0.988355,1.143595,0,1.0,0.15
366.png,RAW,RJ18TA2689,RJ18TA2689,0.997618,1.14869,0,1.0,0.15
367.png,RAW,RJ41UA2827,RJ41UA2827,0.991146,1.14513,0,1.0,0.15
368.png,SR2x+CLAHE-light,RJ47TA0050,RJ47TA0050,0.971195,1.134157,0,1.0,0.15
369.png,RAW,RJ140C8708,RJ14QC8708,0.957897,1.086843,2,1.0,0.15
370.png,CLAHE-light,RJ14TB9803,RJ14TB9803,0.973772,1.135575,0,1.0,0.15
371.png,CLAHE-light,RJ14TA6551,RJ14TA6551,0.994606,1.147033,0,1.0,0.15
372.png,SR2x+CLAHE-light,RJ14YC7926,RJ14YC7926,0.9847,1.141585,0,1.0,0.15
373.png,SR2x+CLAHE-light,RJ14TE2837,RJ14TE2837,0.99095,1.145022,0,1.0,0.15
374.png,SR2x+CLAHE-light,RJ14TD5707,RJ14TD5707,0.964182,1.1303,0,1.0,0.15
375.png,SR2x+CLAHE-light,RJ19TA-0994,RJ19TA0994,0.968352,1.132593,0,1.0,0.15
377.png,RAW,RJ14CY7851,RJ14CY7851,0.983906,1.141148,0,1.0,0.15
379.png,CLAHE-light,RJ45CQ4036,RJ45CQ4036,0.983398,1.140869,0,1.0,0.15
380.png,SR2x+CLAHE-light,RJ14CK0008,RJ14CK0008,0.993148,1.146231,0,1.0,0.15
381.png,CLAHE-light,RJ14CT4026,RJ14CT4026,0.986953,1.142824,0,1.0,0.15
382.png,CLAHE-light,RJ14UD5383,RJ14UD5383,0.987495,1.143122,0,1.0,0.15
383.png,SR2x+CLAHE-light,RJ40CA1097,RJ40CA1097,0.98983,1.144407,0,1.0,0.15
386.png,SR2x+CLAHE-light,RJ45CE4246,RJ45CE4246,0.993735,1.146554,0,1.0,0.15
387.png,CLAHE-light,RJ45CT1012,RJ45CT1012,0.990296,1.144663,0,1.0,0.15
388.png,CLAHE-light,RJ14CR5019,RJ14CR5019,0.988729,1.143801,0,1.0,0.15
389.png,SR2x+CLAHE-light,RJ23UB6081,RJ23UB6081,0.988731,1.143802,0,1.0,0.15
390.png,SR2x+CLAHE-light,RJ02CC6621,RJ02CC6621,0.968604,1.132732,0,1.0,0.15
391.png,SR2x+CLAHE-light,RJ21UG0044,RJ21UG0044,0.981286,1.139708,0,1.0,0.15
392.png,RAW,RJ14UF1632,RJ14UF1632,0.989382,1.14416,0,1.0,0.15
393.png,CLAHE-light,RJ45CT9496,RJ45CT9496,0.990454,1.14475,0,1.0,0.15
394.png,SR2x+CLAHE-light,RJ18CD2193,RJ18CD2193,0.994871,1.147179,0,1.0,0.15
395.png,SR2x+CLAHE-light,RJ02CC 4642,RJ02CC4642,0.943635,1.118999,0,1.0,0.15
396.png,CLAHE-light,RJ14UG8209,RJ14UG8209,0.992324,1.145778,0,1.0,0.15
397.png,RAW,~RJ45CP5704,RJ45CP5704,0.992061,1.145633,0,1.0,0.15
398.png,SR2x+CLAHE-light,RJ45CA2953,RJ45CA2953,0.994881,1.147184,0,1.0,0.15
399.png,RAW,RJ45CR2576,RJ45CR2576,0.993582,1.14647,0,1.0,0.15
400.png,CLAHE-light,RJ13CB6214,RJ13CB6214,0.97058,1.133819,0,1.0,0.15
401.png,RAW,RJM4 CL 1162,RJM4CL1162,0.982173,1.095195,0,0.9,0.15
402.png,CLAHE-light,RJ14 ZC2864,RJ14ZC2864,0.968987,1.132943,0,1.0,0.15
403.png,SR2x+CLAHE-light,RJ14CU5325,RJ14CU5325,0.986628,1.142646,0,1.0,0.15
404.png,SR2x+CLAHE-light,RJ14UH7046,RJ14UH7046,0.981652,1.139909,0,1.0,0.15
405.png,RAW,RJ14TD0733,RJ14TD0733,0.991913,1.145552,0,1.0,0.15
406.png,SR2x+CLAHE-light,RJ45CS0617,RJ45CS0617,0.985829,1.142206,0,1.0,0.15
407.png,RAW,RJ14TB4095,RJ14TB4095,0.996281,1.147955,0,1.0,0.15
408.png,RAW,RJ45CT6689,RJ45CT6689,0.986224,1.142423,0,1.0,0.15
409.png,RAW,RJ14TB1265,RJ14TB1265,0.997944,1.148869,0,1.0,0.15
410.png,RAW,RJ14TB7738,RJ14TB7738,0.965701,1.131136,0,1.0,0.15
411.png,SR2x+CLAHE-light,RJ14TD0908,RJ14TD0908,0.982999,1.14065,0,1.0,0.15
412.png,CLAHE-light,RJ14TD4148,RJ14TD4148,0.974211,1.135816,0,1.0,0.15
413.png,RAW,RJ14UD8337,RJ14UD8337,0.978493,1.138171,0,1.0,0.15
414.png,SR2x+CLAHE-light,RJ06UA9743,RJ06UA9743,0.979673,1.13882,0,1.0,0.15
415.png,RAW,FRJ14TD7268,RJ14TD7268,0.951788,1.123484,0,1.0,0.15
416.png,RAW,RJ47TA0568,RJ47TA0568,0.995916,1.147754,0,1.0,0.15
417.png,RAW,RJ14TB7210,RJ14TB7210,0.980198,1.139109,0,1.0,0.15
418.png,CLAHE-light,RJ18CD3382,RJ18CD3382,0.981869,1.140028,0,1.0,0.15
419.png,CLAHE-light,RJ23UA4493,RJ23UA4493,0.989549,1.144252,0,1.0,0.15
420.png,CLAHE-light,RJ14UH4591,RJ14UH4591,0.992784,1.146031,0,1.0,0.15
421.png,RAW,RJ14TB9315,RJ14TB9315,0.945767,1.120172,0,1.0,0.15
423.png,SR2x+CLAHE-light,RJ22UB1551,RJ22UB1551,0.973576,1.135467,0,1.0,0.15
425.png,SR2x+CLAHE-light,RJ45CT3790,RJ45CT3790,0.985793,1.142186,0,1.0,0.15
426.png,CLAHE-light,RJ45CT1885,RJ45CT1885,0.993572,1.146465,0,1.0,0.15
427.png,SR2x+CLAHE-light,RJ45CT3790,RJ45CT3790,0.985793,1.142186,0,1.0,0.15
428.png,SR2x+CLAHE-light,RJ07CD5141,RJ07CD5141,0.952945,1.12412,0,1.0,0.15
429.png,RAW,RJ45CE2714,RJ45CE2714,0.993905,1.146648,0,1.0,0.15
430.png,SR2x+CLAHE-light,RJ06CC2305,RJ06CC2305,0.963874,1.130131,0,1.0,0.15
434.png,CLAHE-light,RJ14 CA9656,RJ14CA9656,0.963571,1.129964,0,1.0,0.15
435.png,SR2x+CLAHE-light,RJ14VC5878,RJ14VC5878,0.978428,1.138136,0,1.0,0.15
436.png,SR2x+CLAHE-light,RJ14CN2137,RJ14CN2137,0.994454,1.14695,0,1.0,0.15
437.png,CLAHE-light,RJ45CU8299,RJ45CU8299,0.992149,1.145682,0,1.0,0.15
438.png,RAW,RJ14CT8400,RJ14CT8400,0.988309,1.14357,0,1.0,0.15
440.png,CLAHE-light,RJ14WC6764,RJ14WC6764,0.94604,1.120322,0,1.0,0.15
441.png,SR2x+CLAHE-light,RJ14NC3343,RJ14NC3343,0.985612,1.142086,0,1.0,0.15
442.png,RAW,RJ45CD8518,RJ45CD8518,0.978123,1.137968,0,1.0,0.15
443.png,CLAHE-light,RJ14UJ0242,RJ14UJ0242,0.986478,1.142563,0,1.0,0.15
444.png,RAW,RJ45CD2364,RJ45CD2364,0.98943,1.144187,0,1.0,0.15
445.png,CLAHE-light,RJ45CD2266,RJ45CD2266,0.986494,1.142571,0,1.0,0.15
448.png,CLAHE-light,RJ14QC5546,RJ14QC5546,0.974609,1.136035,0,1.0,0.15
449.png,RAW,RJ14CF7683,RJ14CF7683,0.987723,1.143248,0,1.0,0.15
450.png,SR2x+CLAHE-light,RJ45CS4085,RJ45CS4085,0.989899,1.144444,0,1.0,0.15
451.png,SR2x+CLAHE-light,RJ14NC5923,RJ14NC5923,0.989218,1.14407,0,1.0,0.15
452.png,SR2x+CLAHE-light,RJ45CJ7465,RJ45CJ7465,0.992852,1.146069,0,1.0,0.15
453.png,CLAHE-light,RJ45CJ7465,RJ45CJ7465,0.992472,1.14586,0,1.0,0.15
454.png,RAW,RJ45CT9803,RJ45CT9803,0.987818,1.1433,0,1.0,0.15
455.png,SR2x+CLAHE-light,RJ45CT1436,RJ45CT1436,0.986841,1.142763,0,1.0,0.15
456.png,RAW,RJ14ZC6072,RJ14ZC6072,0.996926,1.148309,0,1.0,0.15
457.png,CLAHE-light,RJ45CD2368,RJ45CD2368,0.976669,1.137168,0,1.0,0.15
458.png,RAW,RJ23CF0191,RJ23CF0191,0.985954,1.142275,0,1.0,0.15
459.png,CLAHE-light,RJ14CG3680,RJ14CG3680,0.984091,1.14125,0,1.0,0.15
460.png,RAW,RJ23CF0191,RJ23CF0191,0.985954,1.142275,0,1.0,0.15
461.png,CLAHE-light,RJ14CW1676,RJ14CW1676,0.98321,1.140765,0,1.0,0.15
462.png,RAW,RJ45CG9447,RJ45CG9447,0.9795,1.138725,0,1.0,0.15
463.png,RAW,RJ14CT1008,RJ14CT1008,0.989094,1.144001,0,1.0,0.15
464.png,RAW,RJ14CG4816,RJ14CG4816,0.980457,1.139251,0,1.0,0.15
466.png,CLAHE-light,RJ14Cx1444,RJ14CX1444,0.886583,1.087621,0,1.0,0.15
468.png,SR2x+CLAHE-light,RJ14CY9956,RJ14CY9956,0.980673,1.13937,0,1.0,0.15
469.png,RAW,RJ14UB 3506,RJ14UB3506,0.951711,1.123441,0,1.0,0.15
470.png,SR2x+CLAHE-light,RJ14CN9542,RJ14CN9542,0.993029,1.146166,0,1.0,0.15
471.png,SR2x+CLAHE-light,RJ45CA3018,RJ45CA3018,0.994217,1.146819,0,1.0,0.15
472.png,RAW,RJ45CA3018,RJ45CA3018,0.994124,1.146768,0,1.0,0.15
473.png,SR2x+CLAHE-light,RJ45CD2088,RJ45CD2088,0.939795,1.116887,0,1.0,0.15
475.png,RAW,RJ45CF1106,RJ45CF1106,0.995017,1.147259,0,1.0,0.15
476.png,SR2x+CLAHE-light,RJ14XC6954,RJ14XC6954,0.961488,1.128819,0,1.0,0.15
477.png,RAW,RJ45CF1106,RJ45CF1106,0.995017,1.147259,0,1.0,0.15
478.png,SR2x+CLAHE-light,RJ14XC6954,RJ14XC6954,0.961488,1.128819,0,1.0,0.15
479.png,RAW,RJ14CG7712,RJ14CG7712,0.98829,1.14356,0,1.0,0.15
480.png,SR2x+CLAHE-light,RJ14UE7081,RJ14UE7081,0.990431,1.144737,0,1.0,0.15
482.png,SR2x+CLAHE-light,RJ45CN2371,RJ45CN2371,0.99462,1.147041,0,1.0,0.15
484.png,RAW,RJ02CB9902,RJ02CB9902,0.897684,1.093726,0,1.0,0.15
485.png,SR2x+CLAHE-light,RJ14CX6658,RJ14CX6658,0.976992,1.137346,0,1.0,0.15
486.png,SR2x+CLAHE-light,RJ27CH0374,RJ27CH0374,0.985803,1.142192,0,1.0,0.15
487.png,RAW,RJ14UD1659,RJ14UD1659,0.991349,1.145242,0,1.0,0.15
488.png,RAW,RJ14UD1659,RJ14UD1659,0.991349,1.145242,0,1.0,0.15
489.png,SR2x+CLAHE-light,RJ14UJ2908,RJ14UJ2908,0.994176,1.146797,0,1.0,0.15
490.png,RAW,RJ45CH7489,RJ45CH7489,0.996181,1.1479,0,1.0,0.15
491.png,SR2x+CLAHE-light,RJ143C4708,RJ143C4708,0.991301,1.100215,0,0.9,0.15
493.png,RAW,RJ45CF6659,RJ45CF6659,0.990781,1.144929,0,1.0,0.15
495.png,CLAHE-light,RJ45CK8999,RJ45CK8999,0.994249,1.146837,0,1.0,0.15
499.png,SR2x+CLAHE-light,RJ14NC8821,RJ14NC8821,0.969114,1.133013,0,1.0,0.15
500.png,RAW,RJ45CL8141,RJ45CL8141,0.989889,1.144439,0,1.0,0.15
501.png,CLAHE-light,RJ45CP5152,RJ45CP5152,0.991694,1.145432,0,1.0,0.15
504.png,SR2x+CLAHE-light,RJ45CJ6596,RJ45CJ6596,0.99183,1.145507,0,1.0,0.15
505.png,RAW,RJ45CJ4318,RJ45CJ4318,0.994735,1.147104,0,1.0,0.15
506.png,RAW,RJ14CZ8472,RJ14CZ8472,0.992812,1.146046,0,1.0,0.15
507.png,SR2x+CLAHE-light,RJ45CE4794,RJ45CE4794,0.983888,1.141138,0,1.0,0.15
510.png,CLAHE-light,RJ45CN8319,RJ45CN8319,0.994058,1.146732,0,1.0,0.15
511.png,SR2x+CLAHE-light,RJ14CX3214,RJ14CX3214,0.983088,1.140699,0,1.0,0.15
513.png,RAW,RJ01CB9722,RJ01CB9722,0.908326,1.09958,0,1.0,0.15
514.png,SR2x+CLAHE-light,RJ14CM0432,RJ14CM0432,0.988809,1.143845,0,1.0,0.15
515.png,RAW,RJ19CE6441,RJ19CE6441,0.988982,1.14394,0,1.0,0.15
516.png,RAW,RJ14YC6644,RJ14YC6644,0.981342,1.139738,0,1.0,0.15
517.png,CLAHE-light,RJ45CS7817,RJ45CS7817,0.987904,1.143347,0,1.0,0.15
519.png,RAW,RJ45CL7767,RJ45CL7767,0.988055,1.14343,0,1.0,0.15
520.png,RAW,RJ14CP8198,RJ14CP8198,0.996423,1.148032,0,1.0,0.15
521.png,RAW,RJ14LC2878,RJ14LC2878,0.992085,1.145646,0,1.0,0.15
522.png,SR2x+CLAHE-light,RJ41CA2238,RJ41CA2238,0.976962,1.137329,0,1.0,0.15
523.png,SR2x+CLAHE-light,RJ45CH8643,RJ45CH8643,0.988705,1.143788,0,1.0,0.15
524.png,SR2x+CLAHE-light,RJ14CZ1668,RJ14CZ1668,0.986494,1.142572,0,1.0,0.15
525.png,CLAHE-light,RJ14VC4128,RJ14VC4128,0.987786,1.143282,0,1.0,0.15
527.png,SR2x+CLAHE-light,RJ14LC2314,RJ14LC2314,0.980813,1.139447,0,1.0,0.15
528.png,SR2x+CLAHE-light,RJ45CU4981,RJ45CU4981,0.992883,1.146085,0,1.0,0.15
529.png,RAW,RJ14VC1266,RJ14VC1266,0.984444,1.141444,0,1.0,0.15
530.png,RAW,RJ14CY2654,RJ14CY2654,0.990094,1.144552,0,1.0,0.15
531.png,SR2x+CLAHE-light,RJ14CT4301,RJ14CT4301,0.989456,1.144201,0,1.0,0.15
532.png,SR2x+CLAHE-light,RJ14HC9782,RJ14HC9782,0.952684,1.123976,0,1.0,0.15
534.png,CLAHE-light,RJ14WC9782,RJ14WC9782,0.951967,1.123582,0,1.0,0.15
535.png,SR2x+CLAHE-light,RJ14LC3054,RJ14LC3054,0.97887,1.138378,0,1.0,0.15
536.png,SR2x+CLAHE-light,RJ14AC7430,RJ14AC7430,0.990438,1.144741,0,1.0,0.15
537.png,CLAHE-light,RJ14YC7453,RJ14YC7453,0.979453,1.138699,0,1.0,0.15
538.png,RAW,RJ14C03299,RJ14CQ3299,0.93834,1.076087,2,1.0,0.15
539.png,RAW,RJ45CD4723,RJ45CD4723,0.992863,1.146075,0,1.0,0.15
540.png,RAW,RJ14CR4952,RJ14CR4952,0.988967,1.143932,0,1.0,0.15
541.png,SR2x+CLAHE-light,RJ03CA8807,RJ03CA8807,0.966613,1.131637,0,1.0,0.15
542.png,RAW,-RJ14WC0195,RJ14WC0195,0.940537,1.117296,0,1.0,0.15
544.png,RAW,RJ14CT9149,RJ14CT9149,0.979355,1.138645,0,1.0,0.15
546.png,SR2x+CLAHE-light,4CM2566,RJ4CMZ5660,0.991441,0.930293,1,0.9,0.0
548.png,SR2x+CLAHE-light,4CM2566,RJ4CMZ5660,0.991441,0.930293,1,0.9,0.0
549.png,CLAHE-light,RJ45CT4817,RJ45CT4817,0.990975,1.145036,0,1.0,0.15
551.png,RAW,RJ45CE8988,RJ45CE8988,0.990299,1.144665,0,1.0,0.15
554.png,RAW,RJ45CF9239,RJ45CF9239,0.995043,1.147273,0,1.0,0.15
555.png,RAW,RJ14XC1470,RJ14XC1470,0.989446,1.144195,0,1.0,0.15
556.png,RAW,RJ19CE1032,RJ19CE1032,0.991394,1.145267,0,1.0,0.15
557.png,SR2x+CLAHE-light,RJ14WC2203,RJ14WC2203,0.985325,1.141929,0,1.0,0.15
558.png,SR2x+CLAHE-light,RJ45CS5230,RJ45CS5230,0.991551,1.145353,0,1.0,0.15
559.png,SR2x+CLAHE-light,RJ45CK0487,RJ45CK0487,0.99256,1.145908,0,1.0,0.15
560.png,SR2x+CLAHE-light,RJ14 CL7291,RJ14CL7291,0.962866,1.129576,0,1.0,0.15
561.png,CLAHE-light,RJ14CU8301,RJ14CU8301,0.982326,1.140279,0,1.0,0.15
563.png,RAW,RJ40UA1802,RJ40UA1802,0.986936,1.142815,0,1.0,0.15
564.png,RAW,RJ14WC9272,RJ14WC9272,0.980953,1.139524,0,1.0,0.15
566.png,SR2x+CLAHE-light,RJ45CS0638,RJ45CS0638,0.976947,1.137321,0,1.0,0.15
568.png,RAW,RJ14CL8997,RJ14CL8997,0.991714,1.145443,0,1.0,0.15
569.png,CLAHE-light,RJ14UG9738,RJ14UG9738,0.986055,1.14233,0,1.0,0.15
570.png,RAW,RJ04CA7197,RJ04CA7197,0.979531,1.138742,0,1.0,0.15
571.png,CLAHE-light,RJ14ZC8007,RJ14ZC8007,0.958121,1.126967,0,1.0,0.15
573.png,CLAHE-light,RJ14UH0436,RJ14UH0436,0.983388,1.140863,0,1.0,0.15
574.png,SR2x+CLAHE-light,RJ14LC4620,RJ14LC4620,0.989984,1.144491,0,1.0,0.15
576.png,SR2x+CLAHE-light,RJ14CU5539,RJ14CU5539,0.994316,1.146874,0,1.0,0.15
577.png,CLAHE-light,RJ14CL4005,RJ14CL4005,0.983892,1.141141,0,1.0,0.15
578.png,RAW,RJ45CM4942,RJ45CM4942,0.966193,1.131406,0,1.0,0.15
579.png,RAW,RJ14CM6318,RJ14CM6318,0.990899,1.144994,0,1.0,0.15
580.png,RAW,RJ45 CA 2095,RJ45CA2095,0.952045,1.123625,0,1.0,0.15
581.png,CLAHE-light,RJ14XC6684,RJ14XC6684,0.977786,1.137782,0,1.0,0.15
582.png,RAW,RJ14AC7435,RJ14AC7435,0.966022,1.131312,0,1.0,0.15
583.png,RAW,RJ14CQ4852,RJ14CQ4852,0.932564,1.11291,0,1.0,0.15
584.png,RAW,RJ14CH5905,RJ14CH5905,0.996821,1.148252,0,1.0,0.15
585.png,RAW,RJ14CM1812,RJ14CM1812,0.982321,1.140276,0,1.0,0.15
586.png,RAW,RJ14UG4439,RJ14UG4439,0.991601,1.145381,0,1.0,0.15
587.png,RAW,RJ21CA5505,RJ21CA5505,0.983282,1.140805,0,1.0,0.15
588.png,RAW,RJ14YC4911,RJ14YC4911,0.994373,1.146905,0,1.0,0.15
591.png,CLAHE-light,RJ18UC0731,RJ18UC0731,0.982787,1.140533,0,1.0,0.15
593.png,RAW,RJ14XC5483,RJ14XC5483,0.981611,1.139886,0,1.0,0.15
594.png,SR2x+CLAHE-light,RJ19CC-8131,RJ19CC8131,0.968586,1.132722,0,1.0,0.15
595.png,RAW,RJ45CL7121,RJ45CL7121,0.993552,1.146454,0,1.0,0.15
597.png,SR2x+CLAHE-light,RJ14CT6932,RJ14CT6932,0.990065,1.144536,0,1.0,0.15
598.png,CLAHE-light,RJ14CJ2806,RJ14CJ2806,0.985148,1.141831,0,1.0,0.15
60.png,SR2x+CLAHE-light,RJ45CG8893,RJ45CG8893,0.97826,1.138043,0,1.0,0.15
600.png,RAW,RJ45 CF,RJ45CF0000,0.999114,1.149513,0,1.0,0.15
601.png,RAW,RJ45CE6832,RJ45CE6832,0.996665,1.148166,0,1.0,0.15
602.png,SR2x+CLAHE-light,RJ45CP5873,RJ45CP5873,0.972221,1.134722,0,1.0,0.15
604.png,RAW,RJ14CV6896,RJ14CV6896,0.961555,1.128855,0,1.0,0.15
605.png,CLAHE-light,RJ14XC9225,RJ14XC9225,0.97323,1.135276,0,1.0,0.15
607.png,SR2x+CLAHE-light,RJ45CH3180,RJ45CH3180,0.995715,1.147643,0,1.0,0.15
609.png,RAW,RJ20CH0018,RJ20CH0018,0.971115,1.134113,0,1.0,0.15
61.png,SR2x+CLAHE-light,RJ44CA5682,RJ44CA5682,0.993416,1.146379,0,1.0,0.15
610.png,RAW,RJ45CJ0248,RJ45CJ0248,0.98921,1.144066,0,1.0,0.15
613.png,SR2x+CLAHE-light,RJ45CH4066,RJ45CH4066,0.993606,1.146483,0,1.0,0.15
614.png,SR2x+CLAHE-light,RJ19CJ4588,RJ19CJ4588,0.990469,1.144758,0,1.0,0.15
615.png,SR2x+CLAHE-light,RJ45CN2244,RJ45CN2244,0.987153,1.142934,0,1.0,0.15
616.png,RAW,RJ14WC7432,RJ14WC7432,0.964328,1.13038,0,1.0,0.15
617.png,CLAHE-light,RJ14UH6989,RJ14UH6989,0.993751,1.146563,0,1.0,0.15
62.png,RAW,RJ14LC6256,RJ14LC6256,0.956663,1.126165,0,1.0,0.15
620.png,RAW,RJ14YC3368,RJ14YC3368,0.993972,1.146685,0,1.0,0.15
622.png,SR2x+CLAHE-light,RJ14VC5005,RJ14VC5005,0.971898,1.134544,0,1.0,0.15
624.png,CLAHE-light,RJ14XC5212,RJ14XC5212,0.985238,1.141881,0,1.0,0.15
625.png,SR2x+CLAHE-light,RJ14CX9884,RJ14CX9884,0.983995,1.141197,0,1.0,0.15
626.png,SR2x+CLAHE-light,RJ45CH4066,RJ45CH4066,0.993606,1.146483,0,1.0,0.15
627.png,RAW,RJ14NC9499,RJ14NC9499,0.988068,1.143437,0,1.0,0.15
628.png,SR2x+CLAHE-light,RJ14NC9499,RJ14NC9499,0.982708,1.140489,0,1.0,0.15
629.png,SR2x+CLAHE-light,RJ45CA3146,RJ45CA3146,0.991872,1.14553,0,1.0,0.15
63.png,RAW,RJ45CL4097,RJ45CL4097,0.988358,1.143597,0,1.0,0.15
630.png,CLAHE-light,RJ02CB5825,RJ02CB5825,0.945045,1.119775,0,1.0,0.15
631.png,SR2x+CLAHE-light,RJ45CM2886,RJ45CM2886,0.996514,1.148083,0,1.0,0.15
632.png,SR2x+CLAHE-light,RJ14CP1025,RJ14CP1025,0.949653,1.122309,0,1.0,0.15
633.png,RAW,RJ14YC9793,RJ14YC9793,0.965915,1.131253,0,1.0,0.15
634.png,SR2x+CLAHE-light,RJ32CA6709,RJ32CA6709,0.993664,1.146515,0,1.0,0.15
635.png,SR2x+CLAHE-light,RJ03CB0994,RJ03CB0994,0.966882,1.131785,0,1.0,0.15
636.png,SR2x+CLAHE-light,RJ45CT6204,RJ45CT6204,0.98855,1.143703,0,1.0,0.15
637.png,RAW,RJ14CY6203,RJ14CY6203,0.949051,1.121978,0,1.0,0.15
638.png,SR2x+CLAHE-light,RJ14CP2973,RJ14CP2973,0.984244,1.141334,0,1.0,0.15
639.png,CLAHE-light,RJ45CM4771,RJ45CM4771,0.969974,1.133486,0,1.0,0.15
64.png,CLAHE-light,RJ14CY5251,RJ14CY5251,0.956531,1.126092,0,1.0,0.15
640.png,SR2x+CLAHE-light,RJ14XC2773,RJ14XC2773,0.978887,1.138388,0,1.0,0.15
641.png,SR2x+CLAHE-light,RJ14UE7301,RJ14UE7301,0.990075,1.144541,0,1.0,0.15
642.png,SR2x+CLAHE-light,RJ45CR5880,RJ45CR5880,0.987927,1.14336,0,1.0,0.15
643.png,SR2x+CLAHE-light,RJ14CT3041,RJ14CT3041,0.986611,1.142636,0,1.0,0.15
644.png,CLAHE-light,RJ45CU0891,RJ45CU0891,0.98443,1.141437,0,1.0,0.15
645.png,RAW,RJ45CJ8382,RJ45CJ8382,0.994084,1.146746,0,1.0,0.15
646.png,SR2x+CLAHE-light,RJ45CM2647,RJ45CM2647,0.980015,1.139008,0,1.0,0.15
647.png,RAW,RJ45CK8330,RJ45CK8330,0.990818,1.14495,0,1.0,0.15
648.png,SR2x+CLAHE-light,RJ14WC0885,RJ14WC0885,0.914323,1.102877,0,1.0,0.15
649.png,RAW,RJ14AC3937,RJ14AC3937,0.981932,1.140063,0,1.0,0.15
65.png,CLAHE-light,PRJ45CQ3586,RJ45CQ3586,0.921106,1.106608,0,1.0,0.15
650.png,RAW,FRJ01CC7603,RJ01CC7603,0.931021,1.112062,0,1.0,0.15
651.png,CLAHE-light,RJ20CF9232,RJ20CF9232,0.991931,1.145562,0,1.0,0.15
652.png,SR2x+CLAHE-light,RJ14XC1164,RJ14XC1164,0.983793,1.141086,0,1.0,0.15
653.png,RAW,RJ45CT4169,RJ45CT4169,0.991554,1.145355,0,1.0,0.15
654.png,CLAHE-light,RJ19CH8577,RJ19CH8577,0.990884,1.144986,0,1.0,0.15
655.png,RAW,RJ14 CG4303,RJ14CG4303,0.942649,1.118457,0,1.0,0.15
656.png,CLAHE-light,RJ45CM0383,RJ45CM0383,0.981907,1.140049,0,1.0,0.15
657.png,RAW,RJ45CP7980,RJ45CP7980,0.991006,1.145053,0,1.0,0.15
658.png,CLAHE-light,RJ45CL6649,RJ45CL6649,0.989031,1.143967,0,1.0,0.15
659.png,CLAHE-light,RJ18CB4911,RJ18CB4911,0.986768,1.142722,0,1.0,0.15
66.png,SR2x+CLAHE-light,RJ45CN1428,RJ45CN1428,0.989901,1.144445,0,1.0,0.15
660.png,SR2x+CLAHE-light,FRJ140C2077,RJ14QC2077,0.904144,1.057279,2,1.0,0.15
661.png,SR2x+CLAHE-light,RJ45CH6201,RJ45CH6201,0.988781,1.14383,0,1.0,0.15
662.png,RAW,RJ45CJ6185,RJ45CJ6185,0.990671,1.144869,0,1.0,0.15
663.png,RAW,RJ45CT9942,RJ45CT9942,0.990964,1.14503,0,1.0,0.15
664.png,CLAHE-light,RJ45CT7135,RJ45CT7135,0.986705,1.142688,0,1.0,0.15
665.png,RAW,RJ14AC5894,RJ14AC5894,0.987949,1.143372,0,1.0,0.15
666.png,CLAHE-light,RJ45CF7325,RJ45CF7325,0.983935,1.141164,0,1.0,0.15
668.png,SR2x+CLAHE-light,RJ14CM2185,RJ14CM2185,0.98461,1.141535,0,1.0,0.15
669.png,CLAHE-light,RJ14UH4783,RJ14UH4783,0.99217,1.145694,0,1.0,0.15
67.png,RAW,RJ27CF1140,RJ27CF1140,0.990651,1.144858,0,1.0,0.15
670.png,SR2x+CLAHE-light,RJ14CG3958,RJ14CG3958,0.949284,1.122106,0,1.0,0.15
671.png,SR2x+CLAHE-light,RJ14C02563,RJ14CQ2563,0.954749,1.085112,2,1.0,0.15
672.png,SR2x+CLAHE-light,RJ14AC3436,RJ14AC3436,0.989305,1.144118,0,1.0,0.15
673.png,RAW,RJ14CX6736,RJ14CX6736,0.969012,1.132956,0,1.0,0.15
674.png,RAW,RJ45CR1777,RJ45CR1777,0.991227,1.145175,0,1.0,0.15
675.png,RAW,RJ45CE7429,RJ45CE7429,0.99634,1.147987,0,1.0,0.15
676.png,SR2x+CLAHE-light,RJ14CA4739,RJ14CA4739,0.997585,1.148672,0,1.0,0.15
677.png,SR2x+CLAHE-light,RJ45CR1451,RJ45CR1451,0.98942,1.144181,0,1.0,0.15
678.png,SR2x+CLAHE-light,RJ42CA1091,RJ42CA1091,0.992855,1.14607,0,1.0,0.15
68.png,SR2x+CLAHE-light,FRJ14CB5169,RJ14CB5169,0.933161,1.113239,0,1.0,0.15
680.png,SR2x+CLAHE-light,RJ45CG8948,RJ45CG8948,0.96115,1.128632,0,1.0,0.15
681.png,CLAHE-light,RJ45CD5488,RJ45CD5488,0.958504,1.127177,0,1.0,0.15
682.png,CLAHE-light,RJ147C7459,RJ147C7459,0.976532,1.092092,0,0.9,0.15
683.png,CLAHE-light,RJ14YC1606,RJ14YC1606,0.992615,1.145938,0,1.0,0.15
684.png,CLAHE-light,RJ14 CD7879,RJ14CD7879,0.954372,1.124905,0,1.0,0.15
685.png,RAW,RJ45CD9304,RJ45CD9304,0.983589,1.140974,0,1.0,0.15
687.png,SR2x+CLAHE-light,RJ14UE5517,RJ14UE5517,0.991279,1.145204,0,1.0,0.15
688.png,RAW,RJ14YC7682,RJ14YC7682,0.989778,1.144378,0,1.0,0.15
689.png,SR2x+CLAHE-light,RJ14CY0301,RJ14CY0301,0.987179,1.142949,0,1.0,0.15
69.png,SR2x+CLAHE-light,RJ14CE8303,RJ14CE8303,0.951563,1.123359,0,1.0,0.15
690.png,CLAHE-light,FRJ14CX6821,RJ14CX6821,0.929216,1.111069,0,1.0,0.15
691.png,RAW,RJ45CH8269,RJ45CH8269,0.995719,1.147645,0,1.0,0.15
692.png,SR2x+CLAHE-light,RJ45CU3368,RJ45CU3368,0.992873,1.14608,0,1.0,0.15
693.png,SR2x+CLAHE-light,RJ147C9725,RJ147C9725,0.968037,1.087421,0,0.9,0.15
694.png,SR2x+CLAHE-light,RJ14CV6797,RJ14CV6797,0.960339,1.128187,0,1.0,0.15
695.png,SR2x+CLAHE-light,RJ14CJ8101,RJ14CJ8101,0.981842,1.140013,0,1.0,0.15
696.png,RAW,RJ14TE3395,RJ14TE3395,0.996455,1.14805,0,1.0,0.15
697.png,SR2x+CLAHE-light,RJ147C4090,RJ147C4090,0.982292,1.095261,0,0.9,0.15
698.png,RAW,RJ45CH2533,RJ45CH2533,0.988536,1.143695,0,1.0,0.15
699.png,SR2x+CLAHE-light,RJ14CE8805,RJ14CE8805,0.936774,1.115226,0,1.0,0.15
70.png,RAW,RJ14CL5486,RJ14CL5486,0.993971,1.146684,0,1.0,0.15
701.png,SR2x+CLAHE-light,PRJ14CX7671,RJ14CX7671,0.971107,1.134109,0,1.0,0.15
702.png,SR2x+CLAHE-light,RJ14CJ0773,RJ14CJ0773,0.95068,1.122874,0,1.0,0.15
703.png,CLAHE-light,RJ14CH6264,RJ14CH6264,0.99563,1.147597,0,1.0,0.15
704.png,CLAHE-light,-RJ14UC8718,RJ14UC8718,0.978232,1.138028,0,1.0,0.15
705.png,SR2x+CLAHE-light,FRJ45CL1273,RJ45CL1273,0.941992,1.118096,0,1.0,0.15
706.png,RAW,RJ45CL2546,RJ45CL2546,0.990337,1.144685,0,1.0,0.15
707.png,CLAHE-light,FRJ14LC4382,RJ14LC4382,0.973456,1.135401,0,1.0,0.15
709.png,RAW,RJ14YC8239,RJ14YC8239,0.991283,1.145205,0,1.0,0.15
71.png,SR2x+CLAHE-light,RJ01CB7236,RJ01CB7236,0.966048,1.131326,0,1.0,0.15
710.png,SR2x+CLAHE-light,FRJ45CP6844,RJ45CP6844,0.975187,1.136353,0,1.0,0.15
711.png,RAW,RJ45CD5708,RJ45CD5708,0.996192,1.147906,0,1.0,0.15
712.png,SR2x+CLAHE-light,RJ45CH2533,RJ45CH2533,0.992067,1.145637,0,1.0,0.15
714.png,RAW,RJ14YC7682,RJ14YC7682,0.988487,1.143668,0,1.0,0.15
72.png,RAW,RJ45CN2934,RJ45CN2934,0.993049,1.146177,0,1.0,0.15
74.png,SR2x+CLAHE-light,FRJ45CU0611,RJ45CU0611,0.899575,1.094766,0,1.0,0.15
75.png,SR2x+CLAHE-light,FRJ14C79165,RJ14C79165,0.916398,1.059019,0,0.9,0.15
76.png,RAW,RJ45CJ5888,RJ45CJ5888,0.937404,1.115572,0,1.0,0.15
77.png,RAW,RJ45CU5747,RJ45CU5747,0.981585,1.139872,0,1.0,0.15
78.png,RAW,RJ14UL4748,RJ14UL4748,0.952298,1.123764,0,1.0,0.15
80.png,SR2x+CLAHE-light,RJ18CE4818,RJ18CE4818,0.926642,1.109653,0,1.0,0.15
803.png,SR2x+CLAHE-light,RJ14CK1537,RJ14CK1537,0.983141,1.140728,0,1.0,0.15
804.png,RAW,-RJ45CP1891,RJ45CP1891,0.95376,1.124568,0,1.0,0.15
805.png,SR2x+CLAHE-light,FRJ45CS9822,RJ45CS9822,0.97152,1.134336,0,1.0,0.15
807.png,SR2x+CLAHE-light,FRJ47CA3067,RJ47CA3067,0.926232,1.109427,0,1.0,0.15
808.png,SR2x+CLAHE-light,RJ14CY0301,RJ14CY0301,0.984741,1.141608,0,1.0,0.15
809.png,CLAHE-light,RJ14CK5851,RJ14CK5851,0.994063,1.146735,0,1.0,0.15
81.png,RAW,RJ27CD0805,RJ27CD0805,0.986333,1.142483,0,1.0,0.15
810.png,SR2x+CLAHE-light,RJQ1-UA1712,RJ01UA1712,0.91119,1.081154,1,1.0,0.15
811.png,CLAHE-light,RJ14UD9814,RJ14UD9814,0.985863,1.142225,0,1.0,0.15
812.png,SR2x+CLAHE-light,RJ45CN3445,RJ45CN3445,0.984629,1.141546,0,1.0,0.15
813.png,SR2x+CLAHE-light,RJ14CT2837,RJ14CT2837,0.983963,1.14118,0,1.0,0.15
814.png,SR2x+CLAHE-light,RJ45CW0091,RJ45CW0091,0.983427,1.140885,0,1.0,0.15
815.png,SR2x+CLAHE-light,RJO2CF1365,RJ02CF1365,0.885709,1.06714,1,1.0,0.15
816.png,SR2x+CLAHE-light,RJ14CE1733,RJ14CE1733,0.98973,1.144352,0,1.0,0.15
817.png,CLAHE-light,FRJ45CQ9259,RJ45CQ9259,0.912481,1.101865,0,1.0,0.15
818.png,CLAHE-light,RJ45CK8330,RJ45CK8330,0.993748,1.146562,0,1.0,0.15
82.png,RAW,RJ29CA5938,RJ29CA5938,0.986369,1.142503,0,1.0,0.15
820.png,RAW,RJ45CJ6486,RJ45CJ6486,0.965676,1.131122,0,1.0,0.15
821.png,SR2x+CLAHE-light,FRJ14CZ3108,RJ14CZ3108,0.946408,1.120524,0,1.0,0.15
822.png,RAW,FRJ14WC9541,RJ14WC9541,0.923745,1.10806,0,1.0,0.15
823.png,RAW,RJ14CV4657,RJ14CV4657,0.960059,1.128032,0,1.0,0.15
824.png,CLAHE-light,RJ14UF8669,RJ14UF8669,0.967796,1.132288,0,1.0,0.15
825.png,SR2x+CLAHE-light,FRJ15UA1189,RJ15UA1189,0.92259,1.107424,0,1.0,0.15
826.png,RAW,RJ14UH1563,RJ14UH1563,0.982186,1.140202,0,1.0,0.15
827.png,RAW,RJ14CV1914,RJ14CV1914,0.989427,1.144185,0,1.0,0.15
828.png,SR2x+CLAHE-light,RJ07CA5369,RJ07CA5369,0.9764,1.13702,0,1.0,0.15
829.png,SR2x+CLAHE-light,RJ14ZC9897,RJ14ZC9897,0.998719,1.149296,0,1.0,0.15
83.png,RAW,RJ10CA5546,RJ10CA5546,0.994693,1.147081,0,1.0,0.15
830.png,CLAHE-light,RJ45CU7408,RJ45CU7408,0.978988,1.138443,0,1.0,0.15
831.png,SR2x+CLAHE-light,RJ14UG8787,RJ14UG8787,0.9849,1.141695,0,1.0,0.15
832.png,SR2x+CLAHE-light,FRJ40CA7299,RJ40CA7299,0.941941,1.118067,0,1.0,0.15
833.png,SR2x+CLAHE-light,RJ14CZ8986,RJ14CZ8986,0.966401,1.131521,0,1.0,0.15
834.png,RAW,RJ14CZ5755,RJ14CZ5755,0.950706,1.122888,0,1.0,0.15
835.png,RAW,~RJ14CA9687,RJ14CA9687,0.965706,1.131138,0,1.0,0.15
836.png,SR2x+CLAHE-light,RJ45CF1633,RJ45CF1633,0.982108,1.140159,0,1.0,0.15
837.png,RAW,RJ45CV6466,RJ45CV6466,0.987392,1.143066,0,1.0,0.15
838.png,SR2x+CLAHE-light,RJ45CV6605,RJ45CV6605,0.986281,1.142454,0,1.0,0.15
839.png,SR2x+CLAHE-light,RJ45CN0022,RJ45CN0022,0.976564,1.13711,0,1.0,0.15
84.png,RAW,RJ44CA2231,RJ44CA2231,0.991165,1.145141,0,1.0,0.15
840.png,SR2x+CLAHE-light,RJ05CC0003,RJ05CC0003,0.960363,1.1282,0,1.0,0.15
841.png,SR2x+CLAHE-light,RJ14CW9269,RJ14CW9269,0.955842,1.125713,0,1.0,0.15
842.png,CLAHE-light,RJ14CU5690,RJ14CU5690,0.980335,1.139184,0,1.0,0.15
843.png,CLAHE-light,RJ45CG7702,RJ45CG7702,0.988747,1.143811,0,1.0,0.15
844.png,RAW,RJ14ZC7793,RJ14ZC7793,0.988442,1.143643,0,1.0,0.15
845.png,SR2x+CLAHE-light,RJ14UE5553,RJ14UE5553,0.980533,1.139293,0,1.0,0.15
846.png,RAW,RJ45CL2546,RJ45CL2546,0.992721,1.145996,0,1.0,0.15
847.png,SR2x+CLAHE-light,RJ14CL0535,RJ14CL0535,0.992557,1.145906,0,1.0,0.15
848.png,CLAHE-light,FRJ45CQ7703,RJ45CQ7703,0.876146,1.08188,0,1.0,0.15
849.png,RAW,RJ45CS4737,RJ45CS4737,0.986093,1.142351,0,1.0,0.15
85.png,RAW,RJ45CL4748,RJ45CL4748,0.968962,1.132929,0,1.0,0.15
850.png,SR2x+CLAHE-light,RJ45CV1494,RJ45CV1494,0.983722,1.141047,0,1.0,0.15
851.png,RAW,RJ14CX3188,RJ14CX3188,0.966272,1.13145,0,1.0,0.15
852.png,SR2x+CLAHE-light,RJ14CC0979,RJ14CC0979,0.963948,1.130171,0,1.0,0.15
853.png,SR2x+CLAHE-light,RJ45CP6364,RJ45CP6364,0.992237,1.14573,0,1.0,0.15
854.png,SR2x+CLAHE-light,RJ14WC1303,RJ14WC1303,0.988,1.1434,0,1.0,0.15
856.png,RAW,RJ45CP8366,RJ45CP8366,0.991157,1.145136,0,1.0,0.15
857.png,RAW,RJ14CQ3372,RJ14CQ3372,0.976962,1.137329,0,1.0,0.15
858.png,SR2x+CLAHE-light,RJ147C0010,RJ147C0010,0.979973,1.093985,0,0.9,0.15
859.png,RAW,RJ14CT7262,RJ14CT7262,0.969857,1.133422,0,1.0,0.15
86.png,RAW,RJ45CM6898,RJ45CM6898,0.985783,1.142181,0,1.0,0.15
861.png,RAW,RJ14TE0516,RJ14TE0516,0.987202,1.142961,0,1.0,0.15
862.png,RAW,RJ45CU1237,RJ45CU1237,0.993735,1.146554,0,1.0,0.15
863.png,SR2x+CLAHE-light,RJ29CA5938,RJ29CA5938,0.983595,1.140977,0,1.0,0.15
864.png,RAW,RJ14CE3763,RJ14CE3763,0.990472,1.14476,0,1.0,0.15
865.png,SR2x+CLAHE-light,RJ14CZ6795,RJ14CZ6795,0.989501,1.144226,0,1.0,0.15
866.png,RAW,RJ14UH0270,RJ14UH0270,0.939435,1.116689,0,1.0,0.15
867.png,RAW,RJ45CH1213,RJ45CH1213,0.984454,1.14145,0,1.0,0.15
868.png,RAW,RJ45CU1897,RJ45CU1897,0.990408,1.144725,0,1.0,0.15
869.png,RAW,RJ29CA7848,RJ29CA7848,0.990839,1.144962,0,1.0,0.15
87.png,RAW,RJ45CU3690,RJ45CU3690,0.988683,1.143776,0,1.0,0.15
870.png,SR2x+CLAHE-light,RJ45CY0109,RJ45CY0109,0.973236,1.13528,0,1.0,0.15
871.png,SR2x+CLAHE-light,RJ14CC8393,RJ14CC8393,0.962736,1.129505,0,1.0,0.15
872.png,SR2x+CLAHE-light,RJi3CA3418,RJ13CA3418,0.893459,1.071403,1,1.0,0.15
873.png,SR2x+CLAHE-light,RJ14TD074,RJ14TD0740,0.958167,1.126992,0,1.0,0.15
874.png,CLAHE-light,RJ14CY5022,RJ14CY5022,0.986165,1.142391,0,1.0,0.15
875.png,RAW,RJ14CB6100,RJ14CB6100,0.927792,1.110286,0,1.0,0.15
876.png,SR2x+CLAHE-light,RJ21CB 3598,RJ21CB3598,0.964302,1.130366,0,1.0,0.15
877.png,SR2x+CLAHE-light,RJ45CE3482,RJ45CE3482,0.988359,1.143598,0,1.0,0.15
878.png,RAW,RJ14UJ0992,RJ14UJ0992,0.967319,1.132026,0,1.0,0.15
879.png,RAW,FRJ08CA6767,RJ08CA6767,0.956697,1.126183,0,1.0,0.15
88.png,RAW,RJ45CL4097,RJ45CL4097,0.98829,1.14356,0,1.0,0.15
880.png,RAW,-RJ45CN9693,RJ45CN9693,0.957916,1.126854,0,1.0,0.15
881.png,CLAHE-light,RJ140C2447,RJ14QC2447,0.952201,1.083711,2,1.0,0.15
882.png,RAW,RJ45CJ1568,RJ45CJ1568,0.998529,1.149191,0,1.0,0.15
883.png,SR2x+CLAHE-light,RJ45CU2324,RJ45CU2324,0.985064,1.141785,0,1.0,0.15
884.png,RAW,RJ20CD2031,RJ20CD2031,0.968418,1.13263,0,1.0,0.15
885.png,SR2x+CLAHE-light,PRJ14YC2665,RJ14YC2665,0.929133,1.111023,0,1.0,0.15
886.png,CLAHE-light,FRJ01CC1507,RJ01CC1507,0.933503,1.113427,0,1.0,0.15
887.png,CLAHE-light,RJ45CQ5065,RJ45CQ5065,0.983361,1.140848,0,1.0,0.15
888.png,CLAHE-light,FRJ14CW2950,RJ14CW2950,0.94778,1.121279,0,1.0,0.15
889.png,SR2x+CLAHE-light,RJ45CP1665,RJ45CP1665,0.989284,1.144106,0,1.0,0.15
89.png,SR2x+CLAHE-light,RJ14UG8714,RJ14UG8714,0.992972,1.146135,0,1.0,0.15
890.png,RAW,RJ14CV2530,RJ14CV2530,0.950092,1.122551,0,1.0,0.15
891.png,SR2x+CLAHE-light,RJ45CL6572,RJ45CL6572,0.983763,1.14107,0,1.0,0.15
892.png,RAW,FRJ45CK7827,RJ45CK7827,0.974811,1.136146,0,1.0,0.15
893.png,CLAHE-light,RJ14CV6829,RJ14CV6829,0.981025,1.139564,0,1.0,0.15
894.png,RAW,-RJ45CJ1430,RJ45CJ1430,0.944864,1.119675,0,1.0,0.15
895.png,CLAHE-light,RJ45CN5222,RJ45CN5222,0.988251,1.143538,0,1.0,0.15
896.png,RAW,RJ14LC6851,RJ14LC6851,0.992651,1.145958,0,1.0,0.15
898.png,SR2x+CLAHE-light,RJ14ZC6586,RJ14ZC6586,0.990287,1.144658,0,1.0,0.15
899.png,CLAHE-light,FRJ45CK4536,RJ45CK4536,0.974739,1.136107,0,1.0,0.15
90.png,SR2x+CLAHE-light,RJ23CH0055,RJ23CH0055,0.984038,1.141221,0,1.0,0.15
900.png,CLAHE-light,RJ45CF6777,RJ45CF6777,0.988344,1.143589,0,1.0,0.15
901.png,SR2x+CLAHE-light,-RJ45CK6065,RJ45CK6065,0.960578,1.128318,0,1.0,0.15
903.png,CLAHE-light,RJ45CS7352,RJ45CS7352,0.976218,1.13692,0,1.0,0.15
904.png,SR2x+CLAHE-light,RJ18CE5772,RJ18CE5772,0.987961,1.143379,0,1.0,0.15
905.png,RAW,RJ14CN1514,RJ14CN1514,0.933578,1.113468,0,1.0,0.15
906.png,CLAHE-light,PRJ25CA2829,RJ25CA2829,0.912096,1.101653,0,1.0,0.15
907.png,SR2x+CLAHE-light,FRJ01CD3307,RJ01CD3307,0.917642,1.104703,0,1.0,0.15
908.png,RAW,RJ45CR8895,RJ45CR8895,0.99279,1.146034,0,1.0,0.15
909.png,SR2x+CLAHE-light,RJ14UG5091,RJ14UG5091,0.992178,1.145698,0,1.0,0.15
91.png,RAW,RJ27CD0805,RJ27CD0805,0.986333,1.142483,0,1.0,0.15
910.png,SR2x+CLAHE-light,RJ14CM5701,RJ14CM5701,0.983925,1.141159,0,1.0,0.15
911.png,CLAHE-light,RJ34CA6992,RJ34CA6992,0.989858,1.144422,0,1.0,0.15
912.png,RAW,RJ14CP3701,RJ14CP3701,0.982154,1.140185,0,1.0,0.15
913.png,CLAHE-light,FRJ14CT7895,RJ14CT7895,0.972237,1.13473,0,1.0,0.15
914.png,RAW,RJ45CN1428,RJ45CN1428,0.991822,1.145502,0,1.0,0.15
915.png,RAW,RJ01CC8226,RJ01CC8226,0.959688,1.127828,0,1.0,0.15
916.png,RAW,RJ14UH5605,RJ14UH5605,0.984192,1.141306,0,1.0,0.15
917.png,SR2x+CLAHE-light,RJ14CT7375,RJ14CT7375,0.982897,1.140593,0,1.0,0.15
918.png,SR2x+CLAHE-light,RJ14CX2222,RJ14CX2222,0.963295,1.129812,0,1.0,0.15
919.png,SR2x+CLAHE-light,RJ45CE5167,RJ45CE5167,0.995198,1.147359,0,1.0,0.15
920.png,RAW,RJ14WC7009,RJ14WC7009,0.991542,1.145348,0,1.0,0.15
921.png,RAW,RJ14CG7995,RJ14CG7995,0.985506,1.142028,0,1.0,0.15
922.png,RAW,RJ27CF8975,RJ27CF8975,0.992042,1.145623,0,1.0,0.15
923.png,RAW,RJ44CA5682,RJ44CA5682,0.994034,1.146719,0,1.0,0.15
925.png,CLAHE-light,RJ14CB0709,RJ14CB0709,0.970772,1.133925,0,1.0,0.15
926.png,RAW,RJ14WC2831,RJ14WC2831,0.981925,1.140059,0,1.0,0.15
927.png,SR2x+CLAHE-light,RJ14CE4878,RJ14CE4878,0.993764,1.14657,0,1.0,0.15
928.png,SR2x+CLAHE-light,RJ14CH7630,RJ14CH7630,0.987053,1.142879,0,1.0,0.15
929.png,CLAHE-light,RJ14CT6066,RJ14CT6066,0.988938,1.143916,0,1.0,0.15
93.png,CLAHE-light,RJ45CJ0910,RJ45CJ0910,0.978066,1.137936,0,1.0,0.15
930.png,RAW,-RJ14YC1396,RJ14YC1396,0.953399,1.12437,0,1.0,0.15
932.png,SR2x+CLAHE-light,RJ14CQ2418,RJ14CQ2418,0.951264,1.123195,0,1.0,0.15
933.png,CLAHE-light,RJ45CD0869,RJ45CD0869,0.954938,1.125216,0,1.0,0.15
934.png,SR2x+CLAHE-light,RJ45CP9339,RJ45CP9339,0.988906,1.143898,0,1.0,0.15
935.png,RAW,RJ45CS5339,RJ45CS5339,0.994492,1.146971,0,1.0,0.15
936.png,RAW,RJ45CM8976,RJ45CM8976,0.975878,1.136733,0,1.0,0.15
937.png,SR2x+CLAHE-light,RJ14LC9273,RJ14LC9273,0.986496,1.142573,0,1.0,0.15
94.png,RAW,RJ14CW7295,RJ14CW7295,0.98525,1.141887,0,1.0,0.15
940.png,RAW,RJ14TE223,RJ14TE2230,0.988559,1.143707,0,1.0,0.15
941.png,RAW,RJ45CL7917,RJ45CL7917,0.996642,1.148153,0,1.0,0.15
943.png,CLAHE-light,RJ14UK3738,RJ14UK3738,0.992916,1.146104,0,1.0,0.15
944.png,SR2x+CLAHE-light,RJ14 CK 7225,RJ14CK7225,0.986492,1.142571,0,1.0,0.15
945.png,SR2x+CLAHE-light,RJ14LC9745,RJ14LC9745,0.979843,1.138914,0,1.0,0.15
946.png,SR2x+CLAHE-light,RJ20CF3549,RJ20CF3549,0.985281,1.141904,0,1.0,0.15
947.png,RAW,RJ45CS2356,RJ45CS2356,0.990371,1.144704,0,1.0,0.15
948.png,CLAHE-light,FRJ140C0039,RJ14QC0039,0.958779,1.087328,2,1.0,0.15
949.png,SR2x+CLAHE-light,RJ45C66212,RJ45C66212,0.947868,1.076327,0,0.9,0.15
95.png,CLAHE-light,RJ45CL9891,RJ45CL9891,0.990559,1.144807,0,1.0,0.15
950.png,SR2x+CLAHE-light,RJ03CA0112,RJ03CA0112,0.975352,1.136443,0,1.0,0.15
951.png,SR2x+CLAHE-light,RJ07C86719,RJ07CB6719,0.96326,1.109793,1,1.0,0.15
952.png,SR2x+CLAHE-light,RJ14UG5129,RJ14UG5129,0.988931,1.143912,0,1.0,0.15
953.png,CLAHE-light,RJ14CP6305,RJ14CP6305,0.995127,1.14732,0,1.0,0.15
954.png,CLAHE-light,RJ14XC3991,RJ14XC3991,0.985072,1.14179,0,1.0,0.15
955.png,RAW,RJ45CT7757,RJ45CT7757,0.998598,1.149229,0,1.0,0.15
956.png,CLAHE-light,PRJ18CA7887,RJ18CA7887,0.928942,1.110918,0,1.0,0.15
957.png,SR2x+CLAHE-light,RJ14CT4486,RJ14CT4486,0.982798,1.140539,0,1.0,0.15
958.png,SR2x+CLAHE-light,RJ02CC3703,RJ02CC3703,0.960513,1.128282,0,1.0,0.15
959.png,SR2x+CLAHE-light,FRJ14VC7282,RJ14VC7282,0.929161,1.111039,0,1.0,0.15
96.png,CLAHE-light,FRJ14YC4705,RJ14YC4705,0.89763,1.093697,0,1.0,0.15
960.png,SR2x+CLAHE-light,FRJ14NC3463,RJ14NC3463,0.955595,1.125577,0,1.0,0.15
961.png,RAW,RJ45CG7977,RJ45CG7977,0.980863,1.139475,0,1.0,0.15
962.png,RAW,RJ45CE6848,RJ45CE6848,0.988635,1.143749,0,1.0,0.15
963.png,RAW,RJ14CV9747,RJ14CV9747,0.981632,1.139898,0,1.0,0.15
964.png,SR2x+CLAHE-light,RJ45CJ8172,RJ45CJ8172,0.990341,1.144687,0,1.0,0.15
965.png,SR2x+CLAHE-light,RJ45CE9904,RJ45CE9904,0.986044,1.142324,0,1.0,0.15
966.png,SR2x+CLAHE-light,FRJ14VC9553,RJ14VC9553,0.935699,1.114635,0,1.0,0.15
968.png,SR2x+CLAHE-light,RJ20CB5507,RJ20CB5507,0.967923,1.132358,0,1.0,0.15
969.png,SR2x+CLAHE-light,RJ14CL4698,RJ14CL4698,0.979062,1.138484,0,1.0,0.15
97.png,CLAHE-light,RJ14CY5251,RJ14CY5251,0.975226,1.136374,0,1.0,0.15
970.png,SR2x+CLAHE-light,RJ14CT0511,RJ14CT0511,0.883839,1.086111,0,1.0,0.15
972.png,RAW,RJ14UF0093,RJ14UF0093,0.983951,1.141173,0,1.0,0.15
973.png,RAW,RJ14 Ch 8599,RJ14CH8599,0.982695,1.140482,0,1.0,0.15
974.png,RAW,RJ45C00229,RJ45CQ0229,0.956529,1.086091,2,1.0,0.15
975.png,RAW,RJ140C1197,RJ14QC1197,0.972358,1.094797,2,1.0,0.15
977.png,RAW,R.J14CX7310,RJ14CX7310,0.9026,1.09643,0,1.0,0.15
979.png,CLAHE-light,RJ14CK0216,RJ14CK0216,0.984682,1.141575,0,1.0,0.15
98.png,SR2x+CLAHE-light,RJ14UH9149,RJ14UH9149,0.986633,1.142648,0,1.0,0.15
980.png,CLAHE-light,RJ14CV8966,RJ14CV8966,0.970872,1.133979,0,1.0,0.15
981.png,SR2x+CLAHE-light,RJ45CP0711,RJ45CP0711,0.991018,1.14506,0,1.0,0.15
982.png,SR2x+CLAHE-light,RJ14CJ5999,RJ14CJ5999,0.975778,1.136678,0,1.0,0.15
983.png,SR2x+CLAHE-light,FRJ30CA9288,RJ30CA9288,0.969672,1.13332,0,1.0,0.15
984.png,SR2x+CLAHE-light,-RJ14TE2451,RJ14TE2451,0.930104,1.111557,0,1.0,0.15
985.png,SR2x+CLAHE-light,RJI4CZ3493,RJ14CZ3493,0.849816,1.047399,1,1.0,0.15
986.png,SR2x+CLAHE-light,FRJ14WC1332,RJ14WC1332,0.925328,1.108931,0,1.0,0.15
987.png,SR2x+CLAHE-light,RJ14UD9814,RJ14UD9814,0.992076,1.145642,0,1.0,0.15
988.png,RAW,RJ45CJ 3251,RJ45CJ3251,0.955656,1.125611,0,1.0,0.15
989.png,SR2x+CLAHE-light,FRJ14CV1585,RJ14CV1585,0.964705,1.130588,0,1.0,0.15
99.png,RAW,RJ14CU4226,RJ14CU4226,0.973572,1.135464,0,1.0,0.15
990.png,SR2x+CLAHE-light,RJ14CD7590,RJ14CD7590,0.960058,1.128032,0,1.0,0.15
992.png,RAW,RJ45CG0374,RJ45CG0374,0.968364,1.1326,0,1.0,0.15
993.png,RAW,RJ14CY3589,RJ14CY3589,0.994279,1.146853,0,1.0,0.15
994.png,SR2x+CLAHE-light,RJ45CK5666,RJ45CK5666,0.995089,1.147299,0,1.0,0.15
995.png,RAW,RJ45CF2591,RJ45CF2591,0.995599,1.14758,0,1.0,0.15
996.png,SR2x+CLAHE-light,RJ45CM6777,RJ45CM6777,0.990147,1.144581,0,1.0,0.15
997.png,SR2x+CLAHE-light,RJ07CD4085,RJ07CD4085,0.968906,1.132898,0,1.0,0.15
998.png,RAW,RJ36CA7025,RJ36CA7025,0.990634,1.144849,0,1.0,0.15
999.png,SR2x+CLAHE-light,FRJ14QC5325,RJ14QC5325,0.911794,1.101487,0,1.0,0.15
